rep;Genotype;planche;passage;G/D;classe_epiaison;stade_pheno; Pucerons_parasites ;Dpucerons1;Dpucerons2;Dpucerons3;Dpucerons4;Dpucerons5;DpuceronsSac;Dpuceron;epis_infeste;nombre_thrips;poids_epis;escargot;coccinelle;larve_coccinelle ;cocon_coccinelle ;moucheron/mouches;scarabee;araignee;syrphe;cecidomyies;fourmi;larve_chrysomele;papillon;sauterelle/criquet;guepe;larves_cecidomyies;larves_chrysopes
Rep1;E2AX_192;1;1;D;2;1;0;2;2;4;4;4;4;3;100,00%;0;12.080;0;0;0;0;0;0;0;0;0;0;0;0;0;0;0;0
Rep1;E2AX_244;1;2;G;2;2;0;1;4;4;2;4;4;3;100,00%;0;21.934;0;0;0;0;0;0;0;0;0;0;0;0;0;0;0;0
Rep1;E2AX_488;1;2;D;2;1;1;4;2;3;2;3;3;3;100,00%;0;19.728;0;0;0;0;0;0;0;0;0;0;0;0;0;0;0;0
Rep1;E2AX_131;1;3;G;4;1;0;3;2;3;4;2;4;3;100,00%;2;19.901;0;0;0;0;0;0;0;0;0;0;0;0;0;0;0;0
Rep1;E2AX_100;1;3;D;2;2;1;0;0;0;1;0;0;0;20,00%;2;13.851;0;0;0;0;0;0;0;0;0;0;0;0;0;0;0;0
Rep1;E2AX_415;1;4;G;2;1;1;1;4;4;4;4;2;3;100,00%;0;21.875;0;0;0;0;0;0;0;0;0;0;0;0;0;0;0;0
Rep1;E2AX_447;1;4;D;2;2;1;2;4;2;4;3;4;3;100,00%;0;14.758;1;0;0;0;0;0;0;0;0;0;0;0;0;0;0;0
Rep1;GQAX_67;1;5;G;2;1;1;3;4;4;2;3;3;3;100,00%;0;18.671;0;0;0;0;0;1;0;0;0;0;0;0;0;0;0;0
Rep1;GQAX_189;1;5;D;2;2;1;3;4;2;2;2;2;3;100,00%;2;19.687;1;0;0;0;0;0;0;0;0;0;0;0;0;0;0;0
Rep1;E2AX_367;1;6;G;2;1;0;3;1;1;4;0;2;2;80,00%;2;28.963;0;0;0;0;0;0;0;0;0;0;0;0;0;0;0;0
Rep1;E2AX_480;1;6;D;2;2;1;3;3;2;2;4;3;3;100,00%;2;17.930;0;0;0;0;0;0;0;0;0;0;0;0;0;0;0;0
Rep1;E2AX_395;1;7;G;2;2;0;2;1;0;3;2;1;2;80,00%;2;12.282;0;0;0;0;0;0;0;0;0;0;0;0;0;0;0;0
Rep1;E2AX_38;1;7;D;5;1;1;0;4;2;2;3;2;2;80,00%;0;18.815;0;0;0;0;0;0;0;0;0;0;0;0;0;0;0;0
Rep1;E2AX_239;1;8;G;4;2;0;2;2;4;0;1;1;2;80,00%;0;14.781;0;0;0;0;1;0;0;0;0;0;0;0;0;0;0;0
Rep1;E2AX_187;1;8;D;5;1;0;4;3;4;4;3;4;4;100,00%;7;20.238;0;0;0;0;0;0;0;0;0;0;0;0;0;0;0;0
Rep1;E2AX_99;1;9;G;5;1;1;1;4;2;4;2;3;3;100,00%;1;12.871;0;1;0;0;0;0;0;0;0;0;0;0;0;0;0;0
Rep1;E2AX_444;1;9;D;2;1;1;0;2;2;2;3;3;2;80,00%;2;23.271;0;0;0;0;0;0;0;0;0;0;0;0;0;0;0;0
Rep1;GQAX_119;1;10;G;3;2;0;3;4;3;3;2;3;3;100,00%;2;23.450;1;0;0;0;0;0;0;0;0;0;0;0;0;0;0;0
Rep1;E2AX_65;1;10;D;2;1;0;3;4;3;2;4;2;3;100,00%;4;20.064;0;0;0;0;0;0;0;0;0;0;0;0;0;0;0;0
Rep1;E2AX_371;2;10;D;3;2;0;0;0;0;0;0;4;1;0,00%;8;20.422;0;0;0;0;0;0;0;0;0;0;0;0;0;0;0;0
Rep1;E2AX_295;2;10;G;2;2;1;2;2;3;2;2;3;2;100,00%;4;16.356;1;0;0;0;0;0;1;0;0;0;0;0;0;0;0;0
Rep1;E2AX_153;2;9;D;3;1;1;1;2;2;3;3;3;2;100,00%;6;17.192;0;0;0;0;0;0;0;0;0;0;0;0;0;0;1;0
Rep1;E2AX_237;2;9;G;5;1;0;1;2;2;1;0;4;2;80,00%;12;15.809;1;0;0;0;0;0;0;0;0;0;0;0;0;0;0;0
Rep1;E2AX_427;2;8;D;5;1;1;2;2;1;2;2;4;2;100,00%;9;24.530;0;0;0;0;1;0;0;0;0;0;0;0;0;0;0;0
Rep1;E2AX_207;2;8;G;3;1;0;2;2;2;1;0;3;2;80,00%;7;19.626;0;0;0;0;0;0;0;0;0;0;0;0;0;0;0;0
Rep1;GQAX_76;2;7;D;2;1;1;3;2;0;2;3;4;2;80,00%;0;20.900;0;1;0;0;0;0;0;0;0;0;0;0;0;0;0;0
Rep1;E2AX_476;2;7;G;2;1;0;2;1;1;3;4;4;3;100,00%;8;21.354;0;0;0;0;0;0;0;0;0;0;0;0;0;0;0;0
Rep1;E2AX_96;2;6;D;2;1;0;0;1;2;3;1;4;2;80,00%;5;17.606;0;0;0;0;0;0;0;0;0;0;0;0;0;0;1;0
Rep1;E2AX_252;2;6;G;2;1;0;2;2;2;2;2;3;2;100,00%;7;21.920;0;0;0;0;0;0;0;0;0;0;0;0;0;0;0;0
Rep1;E2AX_385;2;5;D;3;2;0;2;2;2;2;2;3;2;100,00%;9;13.078;0;0;0;0;0;0;0;0;0;0;0;0;0;0;0;0
Rep1;E2AX_27;2;5;G;1;2;0;2;4;4;2;2;2;3;100,00%;12;26.980;0;0;0;0;1;0;0;0;0;0;0;0;0;0;0;0
Rep1;E2AX_387;2;4;D;3;2;0;0;2;2;2;3;3;2;80,00%;5;21.145;0;0;0;0;0;0;1;0;0;0;0;0;0;0;1;0
Rep1;E2AX_73;2;4;G;2;2;1;2;2;2;3;2;3;2;100,00%;5;15.786;0;0;0;0;0;0;0;0;0;0;0;0;0;0;0;0
Rep1;E2AX_176;2;3;D;1;1;1;2;2;0;2;2;3;2;80,00%;1;21.643;0;0;0;0;0;0;0;0;0;0;0;0;0;0;0;0
Rep1;E2AX_77;2;3;G;1;2;0;2;2;3;2;3;2;2;100,00%;2;24.469;0;0;0;0;0;0;0;0;0;0;0;0;0;0;0;0
Rep1;E2AX_423;2;2;D;1;2;1;2;4;4;4;4;4;4;100,00%;5;21.657;0;0;0;0;0;0;0;0;0;0;0;0;0;0;1;0
Rep1;GQAX_139;2;2;G;1;2;1;2;2;2;2;3;2;2;100,00%;8;32.863;0;0;0;0;0;0;0;0;0;0;0;0;0;0;0;0
Rep1;E2AX_394;2;1;D;1;2;0;2;0;2;2;0;2;1;60,00%;0;28.515;0;1;0;0;0;0;1;0;0;0;0;0;0;0;0;0
Rep1;E2AX_474;3;1;D;1;1;0;0;2;3;4;2;3;2;80,00%;7;22.852;0;0;0;0;0;0;0;0;0;0;0;0;0;0;0;0
Rep1;E2AX_372;3;2;G;1;2;0;3;1;2;2;3;4;3;100,00%;7;22.543;0;0;0;0;0;0;0;0;0;0;0;0;0;0;1;0
Rep1;C495;3;2;D;1;2;1;4;3;4;4;4;4;4;100,00%;5;22.059;0;0;0;0;0;0;0;0;0;0;0;0;0;0;0;0
Rep1;GQAX_4;3;3;G;1;2;1;4;3;3;3;3;4;3;100,00%;2;24.487;0;0;0;0;0;0;0;0;0;0;0;0;0;0;0;0
Rep1;E2AX_402;3;3;D;1;3;1;2;4;3;3;4;4;3;100,00%;2;20.753;0;0;0;0;0;0;0;0;0;0;0;0;0;0;0;0
Rep1;E2AX_188;3;4;G;2;3;0;1;2;2;2;2;2;2;100,00%;5;27.978;0;0;0;0;0;0;0;0;0;0;0;0;0;0;0;0
Rep1;GQAX_112;3;4;D;1;2;1;1;3;2;2;2;3;2;100,00%;1;17.956;0;0;0;0;0;0;0;0;0;0;0;0;0;0;0;0
Rep1;E2AX_410;3;5;G;2;2;1;2;1;2;1;2;0;1;100,00%;1;21.22;0;0;0;0;0;0;0;0;0;0;0;0;0;0;0;0
Rep1;E2AX_201;3;5;D;4;1;0;0;1;1;0;2;2;1;60,00%;4;16.175;1;0;0;0;0;0;0;0;0;0;0;0;0;0;0;0
Rep1;E2AX_49;3;6;G;2;1;1;3;2;2;3;4;4;3;100,00%;5;16.562;1;0;0;0;0;0;0;0;0;0;0;0;0;0;0;0
Rep1;E2AX_344;3;6;D;3;1;1;4;0;2;2;4;4;3;80,00%;4;23.03;0;0;0;0;0;0;0;0;0;0;0;0;0;0;0;0
Rep1;E2AX_229;3;7;G;1;2;1;3;2;1;1;2;3;2;100,00%;5;21.838;0;0;0;0;0;0;0;0;0;1;0;0;0;0;0;0
Rep1;E2AX_368;3;7;D;2;1;0;1;0;3;4;2;4;2;80,00%;3;24.836;1;0;0;0;0;0;0;0;0;0;0;0;0;0;1;0
Rep1;E2AX_370;3;8;G;4;1;1;2;2;3;3;3;4;3;100,00%;3;21.69;0;0;0;0;0;0;0;0;0;0;0;0;0;0;0;0
Rep1;E2AX_261;3;8;D;5;1;0;2;0;1;1;2;4;2;80,00%;14;20.123;1;0;0;0;0;0;0;0;0;0;0;0;0;0;0;0
Rep1;E2AX_6;3;9;G;4;1;0;1;0;0;0;1;2;1;40,00%;7;25.882;0;0;0;0;0;0;0;0;0;0;0;0;0;0;0;0
Rep1;E2AX_3;3;9;D;3;2;1;3;2;3;2;2;4;3;100,00%;5;21.872;0;0;0;0;0;1;0;0;0;0;0;0;0;0;1;0
Rep1;GQAX_175;3;10;G;4;1;0;1;1;2;1;2;4;2;100,00%;12;15.416;1;0;0;0;0;0;0;0;0;0;0;0;0;0;0;0
Rep1;E2AX_114;3;10;D;3;1;0;0;1;0;0;2;2;1;20,00%;14;14.597;1;0;0;0;0;0;0;0;0;0;0;0;0;0;0;0
Rep1;E2AX_117;4;10;D;3;1;0;2;1;1;1;2;2;2;100,00%;2;14.986;0;0;0;0;0;0;0;0;0;0;0;0;0;0;0;0
Rep1;E2AX_122;4;10;G;2;2;1;1;1;1;3;2;3;2;100,00%;2;19.887;0;0;0;0;0;0;0;0;0;0;0;0;0;0;0;0
Rep1;E2AX_28;4;9;D;5;1;0;2;3;3;2;2;3;3;100,00%;1;16.340;0;0;0;0;0;0;0;0;0;0;0;0;0;0;1;0
Rep1;E2AX_145;4;9;G;2;2;1;1;2;3;2;0;2;2;80,00%;5;19.572;0;0;0;0;0;0;0;0;0;0;0;0;0;0;0;0
Rep1;E2AX_265;4;8;D;1;1;0;1;0;1;0;0;1;1;40,00%;7;13.281;0;0;0;0;0;0;0;0;0;0;0;0;0;0;0;0
Rep1;E2AX_120;4;8;G;2;2;1;1;2;2;2;2;2;2;100,00%;18;18.735;0;0;0;0;0;0;0;0;0;0;0;0;0;0;0;0
Rep1;E2AX_89;4;7;D;4;1;0;1;1;1;0;0;3;1;60,00%;12;14.062;0;1;0;0;0;0;0;0;0;0;0;0;0;0;0;0
Rep1;E2AX_212;4;7;G;3;1;1;1;1;1;2;1;1;3;100,00%;9;16.629;0;0;0;0;0;0;0;0;0;0;0;0;0;0;1;0
Rep1;E2AX_288;4;6;D;4;1;1;1;2;4;4;2;4;3;100,00%;7;15.533;0;0;0;0;0;0;0;0;0;0;0;0;1;0;1;0
Rep1;E2AX_143;4;6;G;5;1;0;1;0;0;0;0;2;1;20,00%;8;16.122;0;0;0;0;0;0;0;0;0;0;0;0;0;0;0;0
Rep1;E2AX_376;4;5;D;2;1;1;2;1;2;2;1;3;2;100,00%;3;19.951;0;0;0;0;0;0;0;0;0;0;0;0;0;0;0;0
Rep1;GQAX_10;4;5;G;2;2;0;3;3;2;3;3;3;3;100,00%;1;16.873;0;0;0;0;0;0;0;0;0;0;0;0;0;0;0;0
Rep1;E2AX_59;4;4;D;2;1;1;1;2;2;3;1;3;2;100,00%;4;20.925;0;0;0;0;0;0;0;0;0;0;0;0;0;0;0;0
Rep1;E2AX_504;4;4;G;2;2;0;3;2;3;3;3;4;3;100,00%;4;20.158;0;0;0;0;0;0;1;0;0;0;0;0;0;0;0;0
Rep1;E2AX_459;4;3;D;3;1;1;3;3;2;2;3;4;3;100,00%;5;20.05;0;0;0;0;0;0;0;0;0;0;0;0;0;0;0;0
Rep1;E2AX_356;4;3;G;3;1;1;2;2;2;1;2;0;2;100,00%;2;25.847;0;0;0;0;0;0;0;0;0;0;0;0;0;0;0;0
Rep1;GQAX_5;4;2;D;2;1;0;1;2;0;2;2;3;2;80,00%;5;24.188;1;0;0;0;0;0;0;0;0;0;0;0;0;0;0;0
Rep1;E2AX_346;4;2;G;1;1;0;0;1;1;1;2;3;1;80,00%;2;28.336;0;0;0;0;0;0;0;0;0;0;0;0;0;0;0;0
Rep1;E2AX_412;4;1;D;2;2;1;2;2;0;0;2;3;2;60,00%;3;18.839;0;0;0;0;0;0;0;0;0;0;0;0;0;0;0;0
Rep1;E2AX_352;5;1;D;1;1;0;0;0;0;0;2;2;1;20,00%;5;22.663;0;0;0;0;0;0;0;0;0;0;0;0;0;0;0;0
Rep1;E2AX_101;5;2;G;2;2;0;3;1;2;3;2;1;2;100,00%;2;20.600;0;0;0;0;0;0;0;0;0;0;0;0;0;0;0;0
Rep1;E2AX_451;5;2;D;1;1;0;0;0;0;1;2;2;1;40,00%;1;23.893;0;0;0;0;0;0;0;0;0;0;0;0;0;0;0;0
Rep1;E2AX_92;5;3;G;3;2;0;1;2;2;1;1;2;2;100,00%;3;13.774;0;0;0;0;0;0;0;0;0;0;0;0;0;0;1;0
Rep1;E2AX_227;5;3;D;1;2;1;2;2;2;0;2;3;2;80,00%;8;17.234;0;0;0;0;0;0;0;0;0;0;0;0;0;0;0;0
Rep1;GQAX_ixos;5;4;G;2;2;1;3;2;1;2;3;0;2;100,00%;0;23.903;0;0;0;0;0;0;0;1;0;1;0;0;0;0;0;0
Rep1;E2AX_483;5;4;D;1;2;1;3;2;2;2;4;4;3;100,00%;1;29.523;0;0;1;0;0;0;0;0;0;0;0;0;0;0;0;0
Rep1;E2AX_435;5;5;G;1;3;0;2;1;2;3;1;2;2;100,00%;0;25.142;0;0;0;0;0;0;0;0;0;0;0;0;0;0;0;0
Rep1;E2AX_69;5;5;D;2;3;0;4;2;2;2;2;3;3;100,00%;1;22.730;0;0;0;0;0;0;0;0;0;0;0;0;0;0;0;0
Rep1;E2AX_345;5;6;G;2;2;0;1;1;1;1;1;0;1;100,00%;6;21.045;0;0;1;0;0;0;0;0;0;0;0;0;0;0;0;0
Rep1;E2AX_426;5;6;D;2;3;0;1;2;3;2;2;3;2;100,00%;3;25.598;0;0;0;0;0;0;0;0;0;1;0;0;0;0;0;0
Rep1;GQAX_91;5;7;G;2;2;0;0;1;0;2;1;0;1;60,00%;2;14.197;0;0;0;0;0;0;0;0;0;0;0;0;0;0;0;0
Rep1;E2AX_70;5;7;D;1;3;0;1;0;1;0;0;2;1;40,00%;1;18.624;0;0;0;0;0;0;0;0;0;0;0;0;0;0;0;0
Rep1;E2AX_453;5;8;G;5;2;0;4;2;2;1;0;1;2;80,00%;1;16.953;0;0;0;0;0;0;0;0;0;0;0;0;0;0;0;0
Rep1;E2AX_489;5;8;D;4;1;0;1;2;2;1;2;2;2;100,00%;4;13.732;1;0;0;0;0;0;0;0;0;0;0;0;0;0;0;0
Rep1;E2AX_329;5;9;G;2;3;0;1;0;1;0;1;0;1;60,00%;3;13.714;0;0;0;0;0;0;0;0;0;0;0;0;0;0;0;0
Rep1;E2AX_199;5;9;D;3;1;1;1;0;1;1;0;1;1;60,00%;0;13.987;0;0;0;0;0;0;0;0;0;0;0;0;0;0;0;0
Rep1;E2AX_486;5;10;G;3;2;1;3;2;2;1;1;3;2;100,00%;5;16.670;0;0;0;0;0;0;0;0;0;0;0;0;0;0;0;0
Rep1;E2AX_230;5;10;D;5;1;0;2;3;2;2;2;2;2;100,00%;1;11.896;0;0;0;0;0;0;0;0;0;0;0;0;0;0;0;0
Rep1;E2AX_85;6;10;D;3;2;1;0;2;2;2;3;3;2;80,00%;3;15.654;0;0;0;0;0;0;0;0;0;0;0;0;0;0;0;0
Rep1;E2AX_74;6;10;G;3;1;0;0;2;0;2;2;2;1;60,00%;7;14.405;0;0;0;0;0;0;0;0;0;1;0;0;0;0;0;0
Rep1;E2AX_9;6;9;D;5;2;0;1;2;1;2;0;3;2;80,00%;14;14.269;0;0;0;0;0;0;0;0;0;0;0;0;0;0;0;0
Rep1;E2AX_436;6;9;G;4;1;0;0;1;1;1;2;2;1;80,00%;6;15.666;1;0;0;0;0;0;0;0;0;0;0;0;0;0;0;0
Rep1;E2AX_130;6;8;D;5;2;0;1;1;1;0;0;2;1;60,00%;11;15.016;0;0;0;0;1;0;0;0;0;0;0;0;0;0;0;0
Rep1;E2AX_465;6;8;G;2;3;0;2;4;3;3;2;4;3;100,00%;5;14.993;1;0;0;0;0;0;0;0;0;0;0;0;0;0;0;0
Rep1;E2AX_303;6;7;D;2;2;1;4;4;4;4;4;4;4;100,00%;5;16.486;1;0;0;0;0;0;0;0;0;0;0;0;0;0;0;0
Rep1;E2AX_31;6;7;G;2;3;1;0;0;1;1;2;2;1;60,00%;4;20.569;1;0;0;0;0;0;0;0;0;0;0;0;0;0;0;0
Rep1;E2AX_331;6;6;D;1;2;0;2;0;2;0;0;2;1;40,00%;6;22.243;1;0;0;0;0;0;0;0;0;0;0;0;0;0;0;0
Rep1;E2AX_197;6;6;G;4;2;1;0;2;2;2;1;2;2;80,00%;4;15.671;0;0;0;0;1;0;0;0;0;0;0;0;0;0;0;0
Rep1;E2AX_195;6;5;D;1;3;1;0;2;0;2;1;2;1;60,00%;8;22.493;1;0;0;0;0;0;0;0;0;0;0;0;0;0;0;0
Rep1;E2AX_148;6;5;G;2;2;1;2;0;0;0;2;3;1;40,00%;9;19.484;1;0;0;0;0;0;0;0;0;0;0;0;0;0;0;0
Rep1;E2AX_309;6;4;D;1;2;0;2;2;3;2;3;4;3;100,00%;4;14.02;0;0;0;0;0;0;0;0;0;0;0;0;0;0;0;0
Rep1;E2AX_194;6;4;G;3;1;0;3;2;3;3;4;4;3;100,00%;10;18.200;0;0;0;0;0;0;0;0;0;0;0;0;0;0;0;0
Rep1;E2AX_348;6;3;D;1;1;1;3;0;0;2;4;4;2;60,00%;6;17.654;0;0;0;0;0;0;0;0;0;0;0;0;0;0;0;0
Rep1;E2AX_353;6;3;G;4;1;1;3;2;4;3;2;4;3;100,00%;5;14.493;0;0;1;0;0;0;0;0;0;0;0;0;0;0;0;0
Rep1;E2AX_373;6;2;D;1;3;1;2;2;2;2;4;4;3;100,00%;7;24.233;0;0;0;0;0;0;0;0;0;0;0;0;0;0;0;0
Rep1;GQAX_149;6;2;G;3;1;0;3;1;2;0;2;2;2;80,00%;7;19.471;0;0;0;0;0;0;0;0;0;0;1;0;0;0;0;0
Rep1;E2AX_262;6;1;D;2;3;0;0;2;1;1;2;3;2;80,00%;5;20.214;0;0;0;0;0;0;0;0;0;0;0;0;0;0;0;0
Rep1;E2AX_29;7;1;D;1;3;0;4;2;1;2;4;1;2;100,00%;4;23.518;0;0;1;0;0;0;0;0;0;0;0;0;0;0;0;0
Rep1;E2AX_470;7;2;G;1;3;1;2;0;1;1;3;4;2;80,00%;10;19.417;0;0;0;0;0;0;0;0;0;0;0;0;0;0;0;0
Rep1;E2AX_388     ;7;2;D;1;3;1;0;4;3;4;4;3;3;80,00%;8;17.750;0;0;0;0;0;0;0;0;0;0;0;0;0;0;0;0
Rep1;E2AX_222;7;3;G;2;3;0;0;0;1;1;0;1;1;40,00%;4;19.416;0;0;0;0;0;0;0;0;0;0;0;0;0;0;0;0
Rep1;E2AX_235;7;3;D;2;3;0;0;2;0;1;0;2;1;40,00%;12;20.366;0;0;0;0;0;0;0;0;0;0;0;0;0;0;0;0
Rep1;E2AX_41;7;4;G;1;3;0;0;0;2;0;1;2;1;40,00%;5;17.462;0;0;0;0;0;0;0;0;0;0;0;0;0;0;0;0
Rep1;GQAX_140;7;4;D;1;3;0;1;1;0;0;0;2;1;40,00%;5;17.486;0;0;0;0;0;0;0;0;0;0;0;0;0;0;0;0
Rep1;E2AX_279;7;5;G;3;2;0;0;1;1;2;1;1;1;80,00%;7;15.333;0;0;0;0;0;0;0;0;0;0;1;0;0;0;0;0
Rep1;GQAX_95;7;5;D;1;3;0;2;0;0;1;2;3;1;60,00%;2;17.255;0;0;0;0;0;0;0;0;0;0;0;0;0;0;0;0
Rep1;E2AX_311;7;6;G;4;1;0;0;1;2;2;2;3;2;80,00%;0;14.264;1;0;0;0;0;0;0;0;0;0;0;0;0;0;0;0
Rep1;E2AX_68;7;6;D;1;3;1;1;0;2;2;1;2;1;80,00%;8;16.141;1;0;1;0;0;0;0;0;0;0;0;0;0;0;0;0
Rep1;E2AX_292;7;7;G;1;2;0;2;2;2;2;1;2;2;100,00%;7;22.159;0;0;0;0;0;0;0;0;0;0;0;0;0;0;0;0
Rep1;E2AX_202;7;7;D;1;3;1;3;0;1;2;2;2;2;80,00%;5;17.079;0;0;0;0;0;0;0;0;0;0;0;0;0;0;0;0
Rep1;E2AX_341;7;8;G;2;1;0;1;1;3;0;0;2;1;60,00%;6;15.514;0;0;0;0;0;0;0;0;0;0;0;0;0;0;0;0
Rep1;E2AX_460;7;8;D;3;3;0;0;0;0;0;2;2;1;20,00%;4;15.317;0;0;0;0;0;0;0;0;0;0;0;0;0;0;0;0
Rep1;E2AX_35;7;9;G;4;2;1;1;1;0;1;2;0;1;80,00%;5;20.492;0;0;1;0;1;0;0;0;0;0;0;0;0;0;0;0
Rep1;E2AX_485;7;9;D;3;2;1;2;0;1;0;1;4;1;60,00%;7;16.016;0;0;0;0;0;0;0;0;0;0;0;0;0;0;0;0
Rep1;GQAX_82;7;10;G;4;2;0;4;2;4;1;2;4;3;100,00%;13;23.742;0;0;1;1;1;0;0;0;0;0;0;0;0;0;0;0
Rep1;GQAX_83;7;10;D;4;1;1;3;2;2;3;2;3;3;100,00%;6;19.839;0;0;0;0;0;0;0;0;0;0;0;0;0;0;0;0
Rep1;E2AX_184;8;10;D;1;2;0;2;1;0;3;2;4;2;80,00%;4;17.783;0;1;0;0;0;0;0;0;0;0;0;0;0;0;0;0
Rep1;E2AX_40;8;10;G;2;1;0;0;3;1;1;1;2;1;80,00%;4;15.288;1;0;0;0;0;0;0;0;0;0;0;0;0;0;0;0
Rep1;E2AX_233;8;9;D;2;2;1;2;1;1;3;4;3;2;100,00%;0;20.683;1;0;0;0;0;0;0;0;0;0;0;0;0;0;0;1
Rep1;E2AX_469;8;9;G;2;1;1;3;2;0;0;2;2;2;60,00%;0;23.096;0;0;0;0;0;0;0;0;0;0;0;0;0;0;0;0
Rep1;E2AX_482;8;8;D;1;3;1;3;2;3;2;2;3;3;100,00%;2;26.795;0;0;0;0;0;0;0;0;0;0;0;0;0;0;0;0
Rep1;GQAX_75;8;8;G;2;3;0;0;1;3;1;0;3;1;60,00%;4;20.089;0;0;1;0;1;0;0;0;0;0;0;0;0;0;0;0
Rep1;E2AX_428;8;7;D;2;2;0;0;3;0;3;1;3;2;60,00%;5;19.492;0;0;0;0;0;0;0;0;0;0;0;0;0;0;0;0
Rep1;E2AX_462;8;7;G;1;3;0;0;0;0;1;2;1;1;40,00%;4;16.600;0;0;0;0;0;0;0;0;0;0;0;0;0;0;0;0
Rep1;E2AX_118;8;6;D;4;1;0;0;2;1;0;1;2;1;60,00%;2;15.432;1;0;1;0;0;0;0;0;0;0;0;0;0;0;0;0
Rep1;E2AX_240;8;6;G;2;2;0;2;1;2;1;2;3;2;100,00%;2;18.744;0;0;1;0;0;0;0;0;0;0;0;0;0;0;0;0
Rep1;GQAX_166;8;5;D;1;3;1;1;2;1;1;3;2;2;100,00%;0;15.850;0;0;0;0;0;0;0;0;0;0;0;0;0;0;0;0
Rep1;E2AX_366;8;5;G;3;2;1;0;1;0;0;2;2;1;40,00%;0;18.200;0;0;0;0;0;0;0;0;0;0;0;0;0;0;0;1
Rep1;E2AX_185;8;4;D;3;2;0;0;0;0;0;0;1;0;0,00%;3;17.688;0;0;0;0;0;0;0;0;0;0;0;0;0;0;0;0
Rep1;E2AX_336;8;4;G;1;2;1;2;2;2;2;1;2;2;100,00%;2;18.829;1;0;0;0;0;0;0;1;0;0;0;0;0;0;0;0
Rep1;GQAX_116;8;3;D;2;2;0;0;0;2;0;0;1;1;20,00%;4;13.309;0;0;1;0;0;0;0;0;0;0;0;0;0;0;0;0
Rep1;GQAX_126;8;3;G;2;3;0;0;0;2;0;1;2;1;40,00%;3;24.865;0;0;1;0;0;0;0;0;0;0;0;0;1;0;0;0
Rep1;E2AX_416;8;2;D;2;2;0;2;0;1;0;2;2;1;60,00%;1;17.05;0;0;1;0;0;0;0;0;0;0;0;0;0;0;0;0
Rep1;E2AX_179;8;2;G;2;3;0;0;0;0;0;2;2;1;20,00%;0;18.326;0;0;0;0;0;0;0;0;0;0;0;0;0;0;0;0
Rep1;E2AX_383;8;1;D;1;3;0;3;0;2;1;0;2;1;60,00%;10;17.253;0;0;0;0;0;1;0;0;0;0;0;0;0;0;0;0
Rep1;E2AX_250;9;1;D;1;2;1;4;2;2;2;1;4;3;100,00%;3;18.120;0;0;1;0;0;0;0;0;0;0;0;0;0;0;0;0
Rep1;E2AX_278;9;2;G;2;3;0;0;0;0;0;0;0;0;0,00%;11;12.881;0;0;0;0;0;0;0;0;0;0;0;0;0;0;0;0
Rep1;E2AX_335;9;2;D;1;2;0;0;0;0;0;2;1;1;20,00%;9;19.053;0;0;1;0;0;0;0;0;0;0;0;0;0;0;0;0
Rep1;E2AX_165;9;3;G;2;3;0;0;1;1;0;0;2;1;40,00%;1;16.422;0;0;0;0;1;0;0;0;0;0;0;0;0;0;0;0
Rep1;E2AX_350;9;3;D;2;2;1;2;0;1;0;1;2;1;60,00%;3;20.376;0;0;1;0;0;0;0;0;0;0;0;0;0;0;0;0
Rep1;E2AX_377;9;4;G;3;3;0;0;0;1;1;0;2;1;40,00%;4;17.830;0;0;0;0;0;0;0;0;0;0;0;0;0;0;0;0
Rep1;E2AX_94;9;4;D;3;1;0;0;1;2;2;2;3;2;80,00%;7;21.440;0;0;0;0;0;0;0;0;0;0;0;0;0;0;0;0
Rep1;E2AX_72;9;5;G;2;2;1;2;0;0;1;1;3;1;60,00%;6;21.855;0;0;1;0;0;0;0;0;0;1;0;1;0;0;0;0
Rep1;E2AX_198;9;5;D;2;1;0;1;4;1;4;3;4;3;100,00%;2;16.600;0;0;0;0;0;0;0;0;0;0;0;0;0;0;0;0
Rep1;E2AX_16;9;6;G;2;2;0;2;2;2;0;0;2;1;60,00%;6;16.944;0;0;1;0;0;0;0;0;0;0;0;0;0;0;0;0
Rep1;MariaB6R;9;6;D;5;1;1;1;2;2;1;0;2;1;80,00%;8;12.815;1;0;0;0;0;0;0;0;0;0;0;0;0;0;0;0
Rep1;E2AX_464;9;7;G;4;1;0;1;1;0;0;1;1;1;60,00%;7;14.721;1;0;1;0;0;0;0;0;0;0;0;0;0;0;0;0
Rep1;E2AX_243;9;7;D;3;3;0;0;0;0;2;0;1;1;20,00%;2;19.206;0;0;1;0;0;0;0;0;0;0;0;0;0;0;0;0
Rep1;E2AX_315;9;8;G;2;2;0;1;0;2;2;2;3;2;80,00%;1;17.513;1;0;0;0;0;0;0;0;0;0;0;0;0;0;0;0
Rep1;E2AX_124;9;8;D;1;3;0;2;1;2;1;4;3;2;100,00%;6;21.553;0;0;1;0;0;0;0;0;0;0;0;0;0;1;0;0
Rep1;E2AX_241;9;9;G;3;3;0;0;0;0;2;2;2;1;40,00%;7;17.002;0;0;0;0;0;0;0;0;0;0;0;0;0;0;0;0
Rep1;E2AX_401;9;9;D;1;2;0;1;1;0;2;2;1;1;80,00%;4;18.069;0;0;0;0;0;0;0;0;0;0;0;0;0;0;0;0
Rep1;E2AX_316;9;10;G;1;2;0;4;3;1;3;3;3;3;100,00%;2;16.858;0;0;1;0;0;0;0;0;0;0;0;0;0;0;0;0
Rep1;E2AX_441;9;10;D;3;1;0;1;1;2;0;1;3;1;80,00%;4;13.633;1;0;0;0;0;0;0;0;0;0;0;0;0;0;0;0
Rep1;E2AX_461;10;10;D;2;3;1;2;0;1;3;0;4;2;60,00%;8;17.585;0;0;0;0;0;0;0;0;0;0;0;0;0;0;0;0
Rep1;E2AX_146;10;10;G;5;1;1;3;2;2;2;3;4;3;100,00%;7;13.911;0;0;1;0;0;0;0;0;0;0;0;0;0;0;0;0
Rep1;GQAX_138;10;9;D;4;3;0;2;1;2;1;3;4;2;100,00%;11;23.184;1;1;1;0;0;0;0;0;0;0;0;0;0;0;0;0
Rep1;E2AX_435;10;9;G;1;2;0;1;0;1;2;1;4;2;80,00%;5;26.531;0;0;0;0;1;0;0;0;0;0;0;0;0;0;0;0
Rep1;E2AX_251;10;8;D;5;1;1;2;1;2;1;1;3;2;100,00%;2;18.849;1;0;0;0;0;0;0;0;0;0;0;0;0;0;0;0
Rep1;E2AX_51;10;8;G;2;3;1;3;0;0;1;2;2;1;60,00%;3;23.525;1;0;0;0;0;0;0;0;0;0;0;0;0;0;0;0
Rep1;E2AX_182;10;7;D;2;2;1;0;2;2;3;2;4;2;80,00%;9;16.086;1;0;1;0;0;0;0;0;0;0;0;0;0;0;0;0
Rep1;E2AX_407;10;7;G;1;3;0;2;1;1;1;0;3;1;80,00%;3;17.985;0;0;1;0;0;0;0;0;0;0;0;0;0;0;0;0
Rep1;E2AX_13;10;6;D;1;3;0;0;1;0;0;1;2;1;40,00%;10;19.324;0;0;0;0;0;0;0;0;0;0;0;0;0;0;0;0
Rep1;E2AX_104;10;6;G;2;2;0;0;0;0;0;0;1;0;0,00%;1;13.66;1;0;0;0;0;0;0;0;0;0;0;0;0;0;0;0
Rep1;E2AX_305;10;5;D;1;3;0;2;2;1;2;2;4;2;100,00%;0;17.508;0;0;0;1;0;0;0;0;0;0;0;0;0;0;0;0
Rep1;E2AX_268;10;5;G;1;3;0;3;0;1;1;3;4;2;80,00%;4;23.078;0;0;1;0;0;0;0;0;0;0;0;0;0;0;0;0
Rep1;E2AX_399;10;4;D;3;2;0;2;1;0;1;0;4;1;60,00%;2;18.346;0;0;0;1;0;0;0;0;0;0;0;0;0;0;0;0
Rep1;E2AX_298;10;4;G;2;2;1;0;1;2;2;2;4;2;80,00%;5;24.035;0;0;1;0;0;0;0;0;0;0;0;0;0;0;0;0
Rep2;E2AX_207;10;3;D;2;3;0;0;0;0;0;0;3;1;0,00%;2;14.985;0;0;0;0;0;0;0;0;0;0;0;0;0;0;0;0
Rep2;E2AX_474;10;3;G;1;2;1;0;0;0;2;0;4;1;20,00%;0;17.805;0;0;0;0;0;0;0;0;0;0;0;0;0;0;0;0
Rep2;E2AX_72;10;2;D;1;2;1;2;1;1;1;2;4;2;100,00%;3;23.845;0;1;1;0;0;0;0;0;0;0;0;0;0;0;0;0
Rep2;E2AX_251;10;2;G;1;3;1;0;0;2;2;0;4;1;40,00%;0;22.501;0;0;0;0;0;0;0;0;0;0;0;0;0;0;0;0
Rep2;E2AX_148;10;1;D;2;2;1;1;0;1;0;1;4;1;60,00%;2;23.864;0;0;1;0;0;0;0;0;0;0;0;0;0;0;0;0
Rep2;E2AX_212;11;2;G;1;3;0;0;0;0;0;3;4;1;20,00%;4;21.307;0;0;0;0;0;0;0;0;0;0;0;0;0;0;0;0
Rep2;E2AX_51;11;2;D;1;3;0;0;4;2;2;4;4;3;80,00%;5;26.340;0;0;0;0;0;0;0;0;0;0;0;0;0;0;0;0
Rep2;E2AX_488;11;3;G;1;3;1;2;2;2;3;2;3;2;100,00%;0;16.412;1;0;1;0;0;0;0;0;0;0;0;0;0;0;0;0
Rep2;E2AX_195;11;3;D;1;2;1;2;2;2;2;4;4;3;100,00%;5;22.894;1;0;1;0;0;0;0;0;0;0;0;0;0;0;0;0
Rep2;E2AX_92;11;4;G;3;2;0;2;0;0;0;1;2;1;40,00%;2;8.713;0;0;0;0;0;0;0;0;0;0;0;0;0;0;0;0
Rep2;E2AX_305;11;4;D;2;1;0;2;1;1;1;2;3;2;100,00%;3;22.701;0;0;1;0;1;0;0;0;0;0;0;0;0;0;0;0
Rep2;E2AX_410;11;5;G;3;3;0;2;2;2;0;4;4;2;80,00%;2;17.921;0;0;0;0;0;0;0;0;0;0;0;0;0;0;0;0
Rep2;E2AX_41;11;5;D;1;3;0;2;0;2;2;2;2;2;80,00%;10;18.308;0;0;1;0;0;0;0;0;0;0;0;0;0;0;0;0
Rep2;E2AX_465;11;6;G;4;3;1;0;2;2;2;0;3;2;60,00%;7;20.271;0;0;0;0;0;0;0;0;0;0;0;0;0;0;0;0
Rep2;GQAX_139;11;6;D;1;3;1;2;3;1;1;2;3;2;100,00%;8;19.205;0;0;1;0;0;0;0;0;0;0;0;0;0;0;0;0
Rep2;C495;11;7;G;1;3;0;2;3;1;2;2;4;2;100,00%;3;10.787;0;0;0;0;0;0;0;0;0;0;0;0;0;0;0;0
Rep2;E2AX_240;11;7;D;2;2;0;0;0;0;0;2;2;1;20,00%;4;18.793;0;0;0;0;0;0;0;0;0;0;0;0;0;0;0;0
Rep2;E2AX_415;11;8;G;3;1;0;0;1;1;0;2;3;1;60,00%;4;14.630;1;0;0;0;0;0;0;0;0;0;0;0;0;0;0;0
Rep2;E2AX_459;11;8;D;1;3;0;1;1;0;2;2;4;2;80,00%;6;17.397;1;0;0;0;0;0;0;0;0;0;0;0;0;0;0;0
Rep2;E2AX_504;11;9;G;2;1;1;0;1;0;0;0;2;1;20,00%;4;20.927;0;0;0;0;0;0;0;0;0;0;0;0;0;0;0;0
Rep2;E2AX_114;11;9;D;3;3;0;0;0;0;0;0;2;0;0,00%;1;15.361;1;1;0;0;0;0;0;0;0;0;0;0;0;0;1;0
Rep2;GQAX_83;11;10;G;4;2;0;2;3;2;2;2;4;3;100,00%;4;19.937;0;0;0;0;0;0;0;0;0;0;0;0;0;0;1;0
Rep2;E2AX_59;11;10;D;2;2;0;2;2;2;2;2;4;2;100,00%;3;14.242;0;1;0;0;0;0;0;0;0;0;0;0;0;0;0;0
Rep2;E2AX_122;12;10;D;3;1;0;2;1;4;2;2;4;3;100,00%;6;13.312;0;0;0;0;0;0;0;0;0;0;0;0;0;0;1;0
Rep2;E2AX_376;12;10;G;3;1;1;2;4;4;3;3;4;3;100,00%;4;11.677;1;0;0;0;0;0;0;1;0;0;0;0;0;0;1;0
Rep2;E2AX_311;12;9;D;5;2;0;0;0;1;1;2;3;1;60,00%;20;14.246;0;0;0;0;0;0;0;0;0;0;0;0;0;0;0;0
Rep2;GQAX_76;12;9;G;3;2;1;2;2;2;3;2;4;3;100,00%;4;17.831;0;0;0;0;0;0;0;0;0;0;0;0;0;0;0;0
Rep2;E2AX_335;12;8;D;4;1;0;1;2;2;2;2;2;2;100,00%;4;12.597;0;0;0;0;0;0;0;1;0;0;0;0;0;0;0;0
Rep2;E2AX_385;12;8;G;2;3;0;2;2;1;2;2;4;2;100,00%;4;19.514;0;0;0;0;0;0;0;0;0;0;0;0;0;0;0;0
Rep2;E2AX_94;12;7;D;4;2;1;2;3;3;0;2;4;2;80,00%;5;17.120;0;0;1;0;0;0;0;0;0;0;0;0;0;0;0;0
Rep2;E2AX_184;12;7;G;1;3;1;2;2;3;4;2;4;3;100,00%;5;16.807;0;0;1;0;0;0;0;0;0;0;0;0;0;0;1;0
Rep2;E2AX_268;12;6;D;2;2;0;0;1;1;2;1;2;1;80,00%;15;21.945;0;0;0;0;0;0;0;0;0;0;0;0;0;0;0;0
Rep2;E2AX_412;12;6;G;2;2;1;2;1;1;2;2;3;2;100,00%;5;13.595;0;0;0;0;0;0;0;0;0;0;0;0;0;0;0;0
Rep2;E2AX_118;12;5;D;2;3;0;3;0;2;2;2;4;2;80,00%;9;25.552;0;0;0;0;0;0;0;0;0;0;0;0;0;0;0;0
Rep2;E2AX_387;12;5;G;2;2;0;2;3;3;2;2;3;3;100,00%;6;22.550;1;0;0;0;0;0;0;0;0;0;0;0;0;0;0;0
Rep2;E2AX_176;12;4;D;1;3;1;2;0;0;2;3;4;2;60,00%;2;20.364;0;0;0;0;0;0;0;0;0;0;0;0;0;0;0;0
Rep2;E2AX_353;12;4;G;2;3;1;2;2;1;2;3;4;2;100,00%;8;13.93;0;0;0;0;0;0;0;1;0;0;0;0;0;0;0;0
Rep2;E2AX_383;12;3;D;1;3;1;4;2;2;2;3;4;3;100,00%;8;17.994;1;0;0;0;0;0;0;0;0;0;0;0;0;0;0;0
Rep2;E2AX_371;12;3;G;1;2;0;0;2;1;2;2;3;2;80,00%;8;19.229;0;0;1;0;0;0;0;0;0;0;0;0;0;0;0;0
Rep2;E2AX_444;12;2;D;1;3;0;0;1;0;2;2;4;2;60,00%;10;14.370;0;0;0;0;0;0;0;0;0;0;0;0;0;0;0;0
Rep2;E2AX_70;12;2;G;1;2;1;2;2;0;2;2;4;2;80,00%;12;23.167;0;0;1;0;0;0;0;0;0;0;1;0;0;0;0;0
Rep2;E2AX_261;13;2;G;3;2;1;2;2;0;3;1;2;2;80,00%;6;21.855;0;0;0;0;0;0;0;0;0;0;0;0;0;0;0;0
Rep2;E2AX_230;13;2;D;2;3;0;3;3;4;2;2;2;3;100,00%;7;17.494;0;0;0;0;0;0;0;0;0;0;0;0;0;0;0;0
Rep2;E2AX_460;13;3;G;3;3;1;2;2;1;4;2;2;2;100,00%;3;21.371;1;0;0;1;0;0;0;0;0;0;0;0;0;0;0;0
Rep2;E2AX_480;13;3;D;2;3;0;2;2;2;2;2;2;2;100,00%;8;19.499;0;1;1;0;0;0;0;0;0;0;0;0;0;0;0;0
Rep2;GQAX_10;13;4;G;2;3;0;1;2;3;2;4;2;2;100,00%;7;21.183;0;0;0;0;0;0;0;0;0;0;0;0;0;0;0;0
Rep2;E2AX_145;13;4;D;2;3;1;4;1;4;2;2;2;3;100,00%;6;22.366;0;0;1;0;0;0;0;0;0;0;0;0;0;0;0;0
Rep2;E2AX_278;13;5;G;3;3;1;1;3;2;4;1;1;2;100,00%;4;14.588;0;0;1;0;0;0;0;0;0;0;0;0;0;0;0;0
Rep2;E2AX_370;13;5;D;3;3;0;1;1;3;2;2;2;2;100,00%;4;15.527;0;0;1;0;0;0;0;0;0;0;0;0;0;0;0;0
Rep2;E2AX_96;13;6;G;1;2;1;2;2;2;3;0;2;2;80,00%;2;19.971;0;0;1;0;0;0;0;0;0;0;0;0;0;0;0;0
Rep2;GQAX_112;13;6;D;1;3;1;1;2;0;0;1;2;1;60,00%;1;12.340;0;0;0;0;0;0;0;0;0;0;0;0;0;0;0;0
Rep2;E2AX_31;13;7;G;3;2;1;3;2;4;2;1;2;2;100,00%;3;13.970;1;0;1;0;1;0;0;0;0;0;0;0;0;0;0;0
Rep2;E2AX_120;13;7;D;3;3;0;0;0;1;1;3;1;1;60,00%;6;14.458;0;0;0;0;0;0;0;0;0;0;0;0;0;0;0;0
Rep2;E2AX_65;13;8;G;2;3;0;3;1;2;2;2;1;2;100,00%;11;14.547;0;0;0;0;0;0;0;0;0;0;0;0;0;0;0;0
Rep2;E2AX_265;13;8;D;4;1;1;0;4;2;4;0;0;2;60,00%;10;15.771;0;0;0;0;0;0;0;0;0;0;0;0;0;0;0;0
Rep2;E2AX_252;13;9;G;4;3;0;3;4;2;2;2;2;3;100,00%;9;14.916;1;1;0;0;0;0;0;0;0;0;0;0;0;0;0;0
Rep2;E2AX_130;13;9;D;5;1;0;2;0;1;2;0;0;1;60,00%;12;20.147;0;0;0;0;0;0;0;0;0;0;0;0;0;0;0;1
Rep2;E2AX_341;13;10;G;4;1;1;1;0;0;2;1;2;1;60,00%;5;15.881;0;0;0;0;0;0;0;0;0;0;0;0;0;0;0;0
Rep2;GQAX_149;13;10;D;5;1;0;2;1;2;1;1;1;1;100,00%;2;19.016;0;0;1;0;1;0;0;0;0;0;0;0;0;0;1;0
Rep2;E2AX_399;14;10;D;5;1;0;1;2;2;4;2;2;2;100,00%;5;15.062;0;0;0;0;0;0;0;0;0;0;0;0;0;0;0;0
Rep2;E2AX_447;14;10;G;5;1;1;1;1;0;0;3;3;1;60,00%;3;19.496;0;0;0;0;0;0;0;0;0;0;0;0;0;0;0;0
Rep2;E2AX_295;14;9;D;5;1;0;3;2;2;2;2;2;2;100,00%;4;19.644;0;0;0;1;1;0;0;0;0;0;0;0;0;0;0;0
Rep2;E2AX_49;14;9;G;5;1;0;2;4;0;4;3;4;3;80,00%;1;20.748;0;0;0;0;1;0;0;0;0;0;0;0;0;0;0;0
Rep2;E2AX_427;14;8;D;4;1;0;2;2;2;2;3;4;3;100,00%;8;23.998;0;0;0;0;0;0;0;0;0;0;0;0;0;0;0;0
Rep2;E2AX_68;14;8;G;4;1;0;3;2;2;4;4;4;3;100,00%;6;18.730;0;0;0;0;0;0;0;0;0;0;0;0;0;0;0;0
Rep2;E2AX_73;14;7;D;4;1;1;2;0;3;2;2;3;2;80,00%;3;14.563;0;0;0;0;0;0;0;0;0;0;0;0;0;0;0;0
Rep2;E2AX_388     ;14;7;G;3;1;1;2;2;0;2;3;4;2;80,00%;2;18.951;0;0;0;0;0;0;0;0;0;0;0;0;0;0;0;0
Rep2;E2AX_250;14;6;D;3;1;0;4;3;0;3;4;4;3;80,00%;0;15.815;1;0;0;0;0;0;0;0;0;0;0;0;0;0;0;0
Rep2;GQAX_75;14;6;G;2;2;1;2;0;3;3;2;3;2;80,00%;5;21.204;0;0;0;0;0;0;0;0;0;0;0;0;0;0;0;0
Rep2;E2AX_315;14;5;D;1;1;0;2;4;2;2;2;2;2;100,00%;10;20.477;0;0;0;0;0;0;0;0;0;0;0;0;0;0;0;0
Rep2;E2AX_241;14;5;G;2;1;1;4;3;4;4;4;4;4;100,00%;0;23.409;0;0;1;0;1;0;0;0;0;0;0;0;0;0;1;0
Rep2;E2AX_303;14;4;D;2;1;0;2;2;4;4;2;3;3;100,00%;1;17.908;0;0;0;0;0;0;0;0;0;0;0;0;0;0;0;1
Rep2;E2AX_99;14;4;G;2;1;1;2;4;3;1;3;1;2;100,00%;6;25.298;0;0;0;0;0;0;0;0;0;0;0;0;0;0;1;0
Rep2;GQAX_138;14;3;D;2;1;0;4;4;3;2;2;2;3;100,00%;3;21.624;0;0;0;0;0;0;0;0;0;0;0;0;0;0;0;0
Rep2;E2AX_336;14;3;G;1;1;1;3;2;4;4;3;3;3;100,00%;2;23.011;0;0;0;0;0;0;0;0;0;0;0;0;0;0;0;0
Rep2;E2AX_262;14;2;D;1;1;1;1;4;3;4;4;4;3;100,00%;6;23.194;0;0;0;0;0;0;0;0;0;0;0;0;0;0;0;0
Rep2;E2AX_222;14;2;G;1;1;1;3;2;2;3;2;4;3;100,00%;7;24.983;0;0;0;0;0;0;0;0;0;0;0;0;0;0;0;0
Rep2;E2AX_194;15;2;G;2;1;0;2;0;2;1;0;3;1;60,00%;7;30.206;0;0;0;0;0;0;0;0;0;0;0;0;0;0;0;0
Rep2;E2AX_428;15;2;D;1;2;0;0;2;2;0;0;3;1;40,00%;9;26.792;0;0;0;0;0;0;0;0;0;0;0;0;0;0;0;0
Rep2;E2AX_146;15;3;G;1;1;1;2;4;1;1;2;3;2;100,00%;19;23.809;0;0;0;0;0;0;0;0;0;0;0;0;0;0;0;0
Rep2;E2AX_346;15;3;D;1;1;1;1;3;2;2;2;4;2;100,00%;7;23.700;0;0;0;0;0;0;1;0;0;0;0;0;0;0;1;0
Rep2;GQAX_82;15;4;G;1;1;0;0;0;1;0;2;3;1;40,00%;10;33.779;0;0;0;0;0;0;0;0;0;0;0;0;0;0;0;0
Rep2;E2AX_100;15;4;D;2;2;0;1;0;1;0;1;2;1;60,00%;12;11.006;0;0;1;0;0;0;0;0;0;0;0;0;0;0;1;0
Rep2;E2AX_197;15;5;G;4;1;1;1;1;2;0;1;3;1;80,00%;8;13.492;0;0;0;0;0;0;0;0;0;0;0;0;0;0;0;0
Rep2;E2AX_350;15;5;D;4;1;1;2;0;2;2;1;2;2;80,00%;7;18.993;0;0;0;0;0;0;0;0;0;0;0;0;0;0;1;0
Rep2;GQAX_175;15;6;G;3;1;1;4;4;4;4;4;4;4;100,00%;10;20.936;0;0;1;0;0;0;0;0;0;0;0;0;0;0;0;0
Rep2;E2AX_239;15;6;D;3;1;1;1;2;3;2;2;4;2;100,00%;4;21.137;0;0;0;0;0;0;1;0;0;0;0;0;0;0;0;0
Rep2;E2AX_309;15;7;G;1;1;1;2;2;2;3;3;4;3;100,00%;5;22.742;0;0;1;0;0;0;0;0;0;0;0;0;0;0;0;0
Rep2;E2AX_201;15;7;D;4;1;0;0;4;2;1;4;3;2;80,00%;12;13.416;0;0;0;0;0;0;0;0;0;0;0;0;0;0;0;0
Rep2;E2AX_117;15;8;G;5;1;0;1;1;2;2;2;3;2;100,00%;13;9.128;0;0;0;0;0;0;0;0;0;0;0;0;0;0;1;0
Rep2;E2AX_188;15;8;D;5;1;0;1;0;0;1;2;1;1;60,00%;12;19.920;0;0;0;0;0;0;0;0;0;0;0;0;0;0;0;0
Rep2;E2AX_402;15;9;G;2;2;1;0;2;0;1;1;2;1;60,00%;5;23.272;0;0;0;0;0;0;0;0;0;0;0;0;0;0;0;0
Rep2;E2AX_243;15;9;D;4;1;0;1;1;2;2;1;4;2;100,00%;8;17.828;0;0;0;0;0;0;0;0;0;0;0;0;0;0;0;0
Rep2;E2AX_185;15;10;G;4;1;1;1;1;1;1;1;2;1;100,00%;12;14.240;0;0;0;0;0;0;0;0;0;0;0;0;0;0;0;0
Rep2;E2AX_101;15;10;D;5;1;0;0;2;0;0;3;3;1;40,00%;5;18.394;0;0;0;1;0;0;0;0;0;0;0;0;0;0;0;0
Rep2;E2AX_229;16;10;D;1;3;1;2;1;1;2;3;2;2;100,00%;3;15.148;0;0;0;0;0;0;0;0;0;0;0;0;0;0;1;0
Rep2;E2AX_27;16;10;G;2;1;1;1;2;3;2;2;4;2;100,00%;4;22.729;0;0;0;0;0;0;0;0;0;0;0;0;0;0;0;0
Rep2;E2AX_69;16;9;D;4;1;0;2;2;1;3;2;3;2;100,00%;12;23.121;0;1;0;0;0;0;0;0;0;0;0;0;0;0;0;0
Rep2;E2AX_345;16;9;G;2;1;0;2;0;2;3;2;4;2;80,00%;4;20.100;0;0;0;0;0;0;0;0;0;0;0;0;0;0;0;0
Rep2;E2AX_187;16;8;D;4;2;1;2;1;2;2;2;;2;100,00%;6;19.500;0;0;1;0;0;0;0;0;0;0;0;0;0;0;1;0
Rep2;E2AX_89;16;8;G;3;1;1;2;2;2;2;3;4;3;100,00%;5;19.786;0;0;0;0;0;0;0;0;0;0;0;0;0;0;1;1
Rep2;E2AX_13;16;7;D;2;1;0;2;1;1;2;0;4;2;80,00%;17;15.124;0;0;1;0;0;0;0;0;0;0;0;0;0;0;0;0
Rep2;E2AX_394;16;7;G;3;2;0;2;3;2;2;0;4;2;80,00%;0;16.714;0;0;0;0;0;0;0;0;0;0;0;0;0;0;0;0
Rep2;E2AX_426;16;6;D;3;1;0;2;2;2;3;2;3;2;100,00%;16;17.186;0;0;0;0;0;0;0;0;0;0;0;0;0;0;0;0
Rep2;GQAX_ixos;16;6;G;NA;2;0;3;1;0;2;1;3;2;80,00%;9;18.530;0;0;0;0;0;0;0;0;0;0;0;0;0;0;0;0
Rep2;E2AX_202;16;5;D;3;1;1;1;2;1;2;4;4;2;100,00%;2;15.616;0;0;1;0;0;0;0;0;0;0;0;0;0;0;0;0
Rep2;E2AX_451;16;5;G;2;2;1;2;2;4;3;2;2;3;100,00%;6;24.737;0;0;1;0;0;0;0;0;0;0;0;0;0;0;1;0
Rep2;E2AX_377;16;4;D;3;1;0;2;0;1;0;2;3;1;60,00%;3;11.948;0;0;0;0;0;0;0;0;0;0;0;0;0;0;0;0
Rep2;GQAX_126;16;4;G;2;2;1;2;0;1;3;3;3;2;80,00%;2;23.538;0;0;1;0;1;0;0;0;0;0;0;0;0;0;0;0
Rep2;GQAX_67;16;3;D;1;1;0;1;2;3;3;3;3;3;100,00%;5;17.966;0;0;1;0;0;0;0;0;0;0;0;0;0;0;0;0
Rep2;E2AX_352;16;3;G;1;2;1;3;3;2;2;4;4;3;100,00%;23;25.015;0;0;0;0;0;0;0;0;0;0;0;0;0;0;1;0
Rep2;E2AX_407;16;2;D;1;2;0;2;0;2;2;4;4;2;80,00%;8;19.917;0;0;1;0;0;0;0;0;0;0;0;0;0;0;0;0
Rep2;GQAX_116;16;2;G;2;1;0;0;2;1;0;1;2;1;60,00%;21;22.298;0;0;1;0;0;0;0;0;0;0;0;0;0;0;0;0
Rep2;E2AX_199;17;2;G;1;1;0;1;3;1;2;0;2;2;80,00%;15;26.858;0;0;0;0;0;0;0;0;0;0;0;0;0;0;0;0
Rep2;E2AX_165;17;2;D;1;3;0;1;3;0;2;1;2;2;80,00%;6;18.247;0;0;1;0;0;0;0;0;0;0;0;0;0;0;0;0
Rep2;E2AX_192;17;3;G;2;1;0;3;3;2;2;4;4;3;100,00%;2;18.656;0;1;1;1;0;0;0;0;0;0;0;0;0;0;0;0
Rep2;E2AX_279;17;3;D;1;2;1;3;3;2;2;1;1;2;100,00%;12;16.882;0;0;0;0;0;0;0;0;0;0;0;0;0;0;0;0
Rep2;GQAX_95;17;4;G;1;3;0;2;2;4;3;2;4;3;100,00%;12;25.080;0;0;1;0;0;0;0;0;0;0;0;0;0;0;0;0
Rep2;E2AX_331;17;4;D;1;3;1;4;3;0;2;3;3;3;80,00%;8;26.887;0;0;1;1;0;0;0;0;0;0;0;0;0;0;0;0
Rep2;E2AX_416;17;5;G;2;1;0;0;2;1;2;2;2;2;80,00%;4;15.508;1;0;1;0;0;0;0;0;0;0;0;0;0;0;1;0
Rep2;E2AX_423;17;5;D;3;2;1;4;4;3;2;3;4;3;100,00%;9;22.301;0;0;0;0;0;0;0;0;0;0;0;0;0;0;0;0
Rep2;MariaB6R;17;6;G;4;1;0;2;2;1;1;1;3;2;100,00%;8;17.340;0;0;0;0;0;0;0;0;0;0;0;0;0;0;0;0
Rep2;E2AX_233;17;6;D;1;1;1;4;2;3;2;0;3;2;80,00%;14;23.054;0;0;1;0;0;0;0;1;0;0;0;0;0;0;0;0
Rep2;GQAX_4;17;7;G;1;1;0;0;2;3;2;4;4;3;80,00%;11;19.411;0;0;1;0;0;0;0;0;0;0;0;0;0;0;0;0
Rep2;E2AX_329;17;7;D;1;1;0;0;2;3;4;4;4;3;80,00%;11;22.079;0;0;0;0;0;0;0;0;0;0;0;0;0;0;0;0
Rep2;E2AX_77;17;8;G;1;2;1;2;2;3;2;4;4;3;100,00%;3;27.787;0;0;1;0;0;0;0;0;0;0;0;0;0;0;0;0
Rep2;E2AX_6;17;8;D;3;2;0;2;2;1;2;3;4;2;100,00%;8;20.021;0;0;0;0;0;0;0;0;0;0;0;0;0;0;0;0
Rep2;E2AX_476;17;9;G;3;1;0;2;1;1;0;0;2;1;60,00%;16;21.345;0;0;1;0;0;0;0;0;1;0;0;0;0;0;1;0
Rep2;E2AX_436;17;9;D;1;2;1;2;2;3;2;4;4;3;100,00%;4;20.915;0;0;0;0;0;0;0;0;0;0;0;0;0;0;0;0
Rep2;E2AX_367;17;10;G;5;1;0;2;0;2;1;1;1;1;80,00%;6;20.911;0;0;0;0;0;0;0;0;0;0;0;0;0;0;0;0
Rep2;E2AX_235;17;10;D;5;1;0;2;2;2;2;2;3;2;100,00%;9;20.932;0;0;0;0;0;0;0;0;0;0;0;0;0;0;0;0
Rep2;E2AX_29;18;10;D;3;2;1;1;1;2;3;1;4;2;100,00%;19;22.691;0;0;0;0;0;0;0;0;0;0;0;0;0;0;0;0
Rep2;E2AX_244;18;10;G;2;1;0;0;0;2;1;0;3;1;40,00%;9;20.117;0;0;1;1;0;0;0;0;0;0;0;0;0;0;1;0
Rep2;GQAX_5;18;9;D;3;3;0;1;1;0;0;1;2;1;60,00%;8;24.644;0;0;0;0;0;0;0;0;0;0;0;0;0;0;0;0
Rep2;E2AX_356;18;9;G;3;1;0;1;0;0;0;2;2;1;40,00%;7;20.505;0;0;0;0;0;0;1;0;0;0;0;0;0;0;0;0
Rep2;E2AX_298;18;8;D;1;2;0;2;2;2;4;3;4;3;100,00%;9;21.488;0;0;0;0;1;0;1;0;0;0;0;0;0;0;0;0
Rep2;E2AX_435;18;8;G;5;1;0;0;2;2;2;2;4;2;80,00%;7;15.911;0;0;0;0;0;0;0;0;0;0;0;0;0;0;0;0
Rep2;E2AX_470;18;7;D;1;1;0;1;1;2;2;2;4;2;100,00%;11;18.270;0;0;1;0;0;0;0;0;0;0;0;0;0;0;1;0
Rep2;E2AX_40;18;7;G;3;1;0;0;0;0;0;0;0;0;0,00%;5;15.929;0;0;1;0;0;0;0;0;0;0;0;0;0;0;1;0
Rep2;E2AX_368;18;6;D;2;2;1;1;3;0;3;0;3;2;60,00%;11;27.277;0;0;1;0;0;0;0;0;0;0;0;0;0;0;0;0
Rep2;E2AX_9;18;6;G;2;2;1;2;2;2;3;2;4;3;100,00%;7;17.669;0;0;0;0;0;0;0;0;0;0;0;0;0;0;0;0
Rep2;E2AX_16;18;5;D;1;1;1;3;3;4;2;3;4;3;100,00%;12;21.069;0;0;0;0;0;0;0;0;0;0;0;0;0;0;0;0
Rep2;E2AX_464;18;5;G;3;1;0;2;2;2;3;2;4;3;100,00%;13;13.880;0;0;0;0;0;0;0;0;0;0;0;0;0;0;1;0
Rep2;E2AX_179;18;4;D;2;3;1;4;3;1;2;2;4;3;100,00%;14;15.228;0;0;1;0;0;0;0;0;0;0;0;0;0;0;0;0
Rep2;E2AX_395;18;4;G;1;2;1;2;1;3;1;2;4;2;100,00%;11;14.194;0;0;0;0;0;0;0;0;0;0;0;0;0;0;0;0
Rep2;E2AX_485;18;3;D;1;3;0;4;3;2;3;4;4;3;100,00%;6;22.543;0;0;0;0;0;0;0;0;0;0;0;0;0;0;0;0
Rep2;GQAX_140;18;3;G;1;2;0;3;2;2;2;1;3;2;100,00%;4;26.266;0;0;1;0;0;0;0;0;0;0;0;0;0;0;0;0
Rep2;E2AX_182;18;2;D;1;1;1;2;2;3;3;3;4;3;100,00%;3;26.060;0;0;0;0;0;0;0;0;0;0;0;0;0;0;0;0
Rep2;GQAX_166;18;2;G;1;2;1;2;2;2;3;4;4;3;100,00%;9;24.042;0;0;0;0;0;0;0;0;0;0;0;0;0;0;0;1
Rep2;E2AX_292;19;2;G;1;1;0;1;2;2;0;2;3;2;80,00%;7;24.054;0;0;0;0;0;0;0;0;0;0;0;0;0;0;0;0
Rep2;E2AX_401;19;2;D;1;3;1;1;3;2;2;4;4;3;100,00%;10;18.806;0;0;0;0;0;0;0;0;0;0;0;0;0;0;0;0
Rep2;E2AX_143;19;3;G;2;1;0;1;0;2;2;2;2;2;80,00%;14;17.585;0;0;0;0;0;0;0;0;0;0;0;0;0;0;0;0
Rep2;E2AX_237;19;3;D;2;2;0;1;3;2;4;2;4;3;100,00%;1;16.642;0;0;0;0;0;0;0;0;0;0;0;0;0;0;0;0
Rep2;E2AX_348;19;4;G;1;2;1;1;3;2;3;2;2;2;100,00%;4;21.301;0;0;0;0;0;0;0;0;0;0;0;0;0;0;0;0
Rep2;E2AX_227;19;4;D;1;1;1;3;2;3;2;2;3;3;100,00%;13;18.455;0;0;1;0;0;0;0;0;0;0;0;0;0;0;0;0
Rep2;E2AX_373;19;5;G;1;3;0;2;2;2;3;2;3;2;100,00%;10;27.097;0;0;0;0;0;0;0;0;0;0;0;0;0;0;1;0
Rep2;E2AX_288;19;5;D;2;1;1;3;3;4;4;4;4;4;100,00%;0;19.131;0;0;0;0;0;0;0;0;0;0;0;0;0;0;0;0
Rep2;E2AX_469;19;6;G;1;2;0;2;0;1;2;2;2;2;80,00%;6;16.543;0;0;0;0;0;0;0;0;0;0;0;0;0;0;0;0
Rep2;E2AX_85;19;6;D;1;1;0;0;0;2;3;0;2;1;40,00%;12;17.696;0;0;1;0;0;0;0;0;0;0;0;0;0;0;0;0
Rep2;E2AX_74;19;7;G;1;1;0;0;2;2;2;2;3;2;80,00%;7;14.883;0;0;0;0;0;0;0;0;0;0;0;0;0;0;0;0
Rep2;E2AX_435;19;7;D;1;2;1;1;1;2;3;2;2;2;100,00%;4;22.716;1;0;0;0;0;0;0;0;0;0;0;0;0;0;0;0
Rep2;E2AX_131;19;8;G;2;2;1;2;3;1;0;2;2;2;80,00%;6;21.423;1;0;0;0;0;0;0;0;0;0;0;0;1;0;1;0
Rep2;E2AX_486;19;8;D;4;1;0;2;1;0;2;2;2;2;80,00%;12;19.811;0;0;1;1;0;0;0;0;0;0;0;0;0;0;0;0
Rep2;E2AX_35;19;9;G;3;1;0;1;0;2;2;3;3;2;80,00%;5;14.098;0;0;0;0;0;0;0;0;0;0;0;0;0;0;0;0
Rep2;E2AX_441;19;9;D;4;1;0;1;0;0;0;2;2;1;40,00%;12;19.866;0;0;0;0;0;0;0;0;0;0;0;0;0;0;0;0
Rep2;GQAX_189;19;10;G;2;1;1;1;2;0;0;1;3;1;60,00%;2;14.863;0;0;0;0;0;0;0;0;0;0;0;0;0;0;0;0
Rep2;E2AX_366;19;10;D;4;1;0;0;0;2;0;2;2;1;40,00%;5;17.061;0;0;1;0;0;0;0;0;0;0;0;0;0;0;0;0
Rep2;GQAX_119;20;10;D;5;1;0;1;0;1;1;2;2;1;80,00%;5;21.256;1;0;0;0;0;0;0;0;0;0;0;0;0;0;0;0
Rep2;E2AX_453;20;10;G;5;1;0;2;0;1;1;1;2;1;80,00%;3;19.349;0;0;0;0;0;0;0;0;0;0;0;0;1;0;0;0
Rep2;E2AX_344;20;9;D;3;1;0;1;1;1;0;2;3;1;80,00%;5;17.415;0;0;0;0;0;0;0;0;0;0;0;0;0;0;0;0
Rep2;E2AX_38;20;9;G;5;1;0;1;1;2;1;2;4;2;100,00%;2;18.519;0;0;0;0;0;0;0;0;0;0;0;0;1;0;0;0
Rep2;E2AX_483;20;7;D;1;1;0;0;2;1;2;2;2;2;80,00%;5;27.391;0;0;0;0;0;0;0;0;0;0;0;0;0;0;0;0
Rep2;E2AX_153;20;7;G;2;2;1;2;2;2;1;2;4;2;100,00%;2;15.142;0;0;1;0;0;0;1;0;0;0;0;0;0;0;0;0
Rep2;E2AX_482;20;6;D;1;1;0;1;0;2;1;0;2;1;60,00%;3;10.567;0;0;0;0;0;0;0;0;0;0;0;0;0;0;0;0
Rep2;E2AX_461;20;6;G;1;2;1;2;1;1;2;2;4;2;100,00%;1;21.322;0;0;0;0;0;0;0;0;0;0;0;0;0;0;0;0
Rep2;GQAX_91;20;5;D;2;2;1;0;2;2;2;0;4;2;60,00%;2;20.123;0;0;1;0;0;0;0;0;0;0;0;0;0;0;0;0
Rep2;E2AX_104;20;5;G;3;1;1;3;2;2;2;2;4;3;100,00%;0;16.343;0;0;0;0;0;0;0;0;0;0;0;0;0;0;0;0
Rep2;E2AX_28;20;4;D;1;2;0;0;1;1;0;2;4;1;60,00%;3;22.606;0;0;0;0;0;0;0;0;0;0;0;0;0;0;0;0
Rep2;E2AX_124;20;4;G;2;1;0;2;0;0;0;0;2;1;20,00%;1;14.762;0;0;0;0;0;0;0;0;0;0;0;0;1;0;0;0
Rep2;E2AX_462;20;3;D;1;1;0;2;2;0;1;2;4;2;80,00%;4;18.503;0;0;0;0;1;0;0;0;0;0;0;0;0;0;0;0
Rep2;E2AX_489;20;3;G;1;1;0;1;2;1;0;0;3;1;60,00%;5;23.044;0;0;0;0;0;0;0;0;0;0;0;0;0;0;0;0
Rep2;E2AX_316;20;2;D;1;2;1;2;2;2;2;2;3;2;100,00%;2;15.171;0;0;1;0;0;0;0;0;0;0;0;0;0;0;0;0
Rep2;E2AX_372;20;2;G;1;2;0;0;0;0;1;0;2;1;20,00%;0;12.958;0;0;0;0;0;0;0;0;0;0;0;0;0;0;0;0
